date,wm_yr_wk,d
2011-01-29,11101,d_1
2011-01-30,11101,d_2
2011-01-31,11101,d_3
2011-02-01,11101,d_4
2011-02-02,11101,d_5
2011-02-03,11101,d_6
2011-02-04,11101,d_7
2011-02-05,11102,d_8
2011-02-06,11102,d_9
2011-02-07,11102,d_10
2011-02-08,11102,d_11
2011-02-09,11102,d_12
2011-02-10,11102,d_13
2011-02-11,11102,d_14
2011-02-12,11103,d_15
2011-02-13,11103,d_16
2011-02-14,11103,d_17
2011-02-15,11103,d_18
2011-02-16,11103,d_19
2011-02-17,11103,d_20
2011-02-18,11103,d_21
2011-02-19,11104,d_22
2011-02-20,11104,d_23
2011-02-21,11104,d_24
2011-02-22,11104,d_25
2011-02-23,11104,d_26
2011-02-24,11104,d_27
2011-02-25,11104,d_28
2011-02-26,11105,d_29
2011-02-27,11105,d_30
2011-02-28,11105,d_31
2011-03-01,11105,d_32
2011-03-02,11105,d_33
2011-03-03,11105,d_34
2011-03-04,11105,d_35
2011-03-05,11106,d_36
2011-03-06,11106,d_37
2011-03-07,11106,d_38
2011-03-08,11106,d_39
2011-03-09,11106,d_40
2011-03-10,11106,d_41
2011-03-11,11106,d_42
2011-03-12,11107,d_43
2011-03-13,11107,d_44
2011-03-14,11107,d_45
2011-03-15,11107,d_46
2011-03-16,11107,d_47
2011-03-17,11107,d_48
2011-03-18,11107,d_49
2011-03-19,11108,d_50
2011-03-20,11108,d_51
2011-03-21,11108,d_52
2011-03-22,11108,d_53
2011-03-23,11108,d_54
2011-03-24,11108,d_55
2011-03-25,11108,d_56
2011-03-26,11109,d_57
2011-03-27,11109,d_58
2011-03-28,11109,d_59
2011-03-29,11109,d_60
2011-03-30,11109,d_61
2011-03-31,11109,d_62
2011-04-01,11109,d_63
2011-04-02,11110,d_64
2011-04-03,11110,d_65
2011-04-04,11110,d_66
2011-04-05,11110,d_67
2011-04-06,11110,d_68
2011-04-07,11110,d_69
2011-04-08,11110,d_70
2011-04-09,11111,d_71
2011-04-10,11111,d_72
2011-04-11,11111,d_73
2011-04-12,11111,d_74
2011-04-13,11111,d_75
2011-04-14,11111,d_76
2011-04-15,11111,d_77
2011-04-16,11112,d_78
2011-04-17,11112,d_79
2011-04-18,11112,d_80
2011-04-19,11112,d_81
2011-04-20,11112,d_82
2011-04-21,11112,d_83
2011-04-22,11112,d_84
2011-04-23,11113,d_85
2011-04-24,11113,d_86
2011-04-25,11113,d_87
2011-04-26,11113,d_88
2011-04-27,11113,d_89
2011-04-28,11113,d_90
2011-04-29,11113,d_91
2011-04-30,11114,d_92
2011-05-01,11114,d_93
2011-05-02,11114,d_94
2011-05-03,11114,d_95
2011-05-04,11114,d_96
2011-05-05,11114,d_97
2011-05-06,11114,d_98
2011-05-07,11115,d_99
2011-05-08,11115,d_100
2011-05-09,11115,d_101
2011-05-10,11115,d_102
2011-05-11,11115,d_103
2011-05-12,11115,d_104
2011-05-13,11115,d_105
2011-05-14,11116,d_106
2011-05-15,11116,d_107
2011-05-16,11116,d_108
2011-05-17,11116,d_109
2011-05-18,11116,d_110
2011-05-19,11116,d_111
2011-05-20,11116,d_112
2011-05-21,11117,d_113
2011-05-22,11117,d_114
2011-05-23,11117,d_115
2011-05-24,11117,d_116
2011-05-25,11117,d_117
2011-05-26,11117,d_118
2011-05-27,11117,d_119
2011-05-28,11118,d_120
2011-05-29,11118,d_121
2011-05-30,11118,d_122
2011-05-31,11118,d_123
2011-06-01,11118,d_124
2011-06-02,11118,d_125
2011-06-03,11118,d_126
2011-06-04,11119,d_127
2011-06-05,11119,d_128
2011-06-06,11119,d_129
2011-06-07,11119,d_130
2011-06-08,11119,d_131
2011-06-09,11119,d_132
2011-06-10,11119,d_133
2011-06-11,11120,d_134
2011-06-12,11120,d_135
2011-06-13,11120,d_136
2011-06-14,11120,d_137
2011-06-15,11120,d_138
2011-06-16,11120,d_139
2011-06-17,11120,d_140
2011-06-18,11121,d_141
2011-06-19,11121,d_142
2011-06-20,11121,d_143
2011-06-21,11121,d_144
2011-06-22,11121,d_145
2011-06-23,11121,d_146
2011-06-24,11121,d_147
2011-06-25,11122,d_148
2011-06-26,11122,d_149
2011-06-27,11122,d_150
2011-06-28,11122,d_151
2011-06-29,11122,d_152
2011-06-30,11122,d_153
2011-07-01,11122,d_154
2011-07-02,11123,d_155
2011-07-03,11123,d_156
2011-07-04,11123,d_157
2011-07-05,11123,d_158
2011-07-06,11123,d_159
2011-07-07,11123,d_160
2011-07-08,11123,d_161
2011-07-09,11124,d_162
2011-07-10,11124,d_163
2011-07-11,11124,d_164
2011-07-12,11124,d_165
2011-07-13,11124,d_166
2011-07-14,11124,d_167
2011-07-15,11124,d_168
2011-07-16,11125,d_169
2011-07-17,11125,d_170
2011-07-18,11125,d_171
2011-07-19,11125,d_172
2011-07-20,11125,d_173
2011-07-21,11125,d_174
2011-07-22,11125,d_175
2011-07-23,11126,d_176
2011-07-24,11126,d_177
2011-07-25,11126,d_178
2011-07-26,11126,d_179
2011-07-27,11126,d_180
2011-07-28,11126,d_181
2011-07-29,11126,d_182
2011-07-30,11127,d_183
2011-07-31,11127,d_184
2011-08-01,11127,d_185
2011-08-02,11127,d_186
2011-08-03,11127,d_187
2011-08-04,11127,d_188
2011-08-05,11127,d_189
2011-08-06,11128,d_190
2011-08-07,11128,d_191
2011-08-08,11128,d_192
2011-08-09,11128,d_193
2011-08-10,11128,d_194
2011-08-11,11128,d_195
2011-08-12,11128,d_196
2011-08-13,11129,d_197
2011-08-14,11129,d_198
2011-08-15,11129,d_199
2011-08-16,11129,d_200
2011-08-17,11129,d_201
2011-08-18,11129,d_202
2011-08-19,11129,d_203
2011-08-20,11130,d_204
2011-08-21,11130,d_205
2011-08-22,11130,d_206
2011-08-23,11130,d_207
2011-08-24,11130,d_208
2011-08-25,11130,d_209
2011-08-26,11130,d_210
2011-08-27,11131,d_211
2011-08-28,11131,d_212
2011-08-29,11131,d_213
2011-08-30,11131,d_214
2011-08-31,11131,d_215
2011-09-01,11131,d_216
2011-09-02,11131,d_217
2011-09-03,11132,d_218
2011-09-04,11132,d_219
2011-09-05,11132,d_220
2011-09-06,11132,d_221
2011-09-07,11132,d_222
2011-09-08,11132,d_223
2011-09-09,11132,d_224
2011-09-10,11133,d_225
2011-09-11,11133,d_226
2011-09-12,11133,d_227
2011-09-13,11133,d_228
2011-09-14,11133,d_229
2011-09-15,11133,d_230
2011-09-16,11133,d_231
2011-09-17,11134,d_232
2011-09-18,11134,d_233
2011-09-19,11134,d_234
2011-09-20,11134,d_235
2011-09-21,11134,d_236
2011-09-22,11134,d_237
2011-09-23,11134,d_238
2011-09-24,11135,d_239
2011-09-25,11135,d_240
2011-09-26,11135,d_241
2011-09-27,11135,d_242
2011-09-28,11135,d_243
2011-09-29,11135,d_244
2011-09-30,11135,d_245
2011-10-01,11136,d_246
2011-10-02,11136,d_247
2011-10-03,11136,d_248
2011-10-04,11136,d_249
2011-10-05,11136,d_250
2011-10-06,11136,d_251
2011-10-07,11136,d_252
2011-10-08,11137,d_253
2011-10-09,11137,d_254
2011-10-10,11137,d_255
2011-10-11,11137,d_256
2011-10-12,11137,d_257
2011-10-13,11137,d_258
2011-10-14,11137,d_259
2011-10-15,11138,d_260
2011-10-16,11138,d_261
2011-10-17,11138,d_262
2011-10-18,11138,d_263
2011-10-19,11138,d_264
2011-10-20,11138,d_265
2011-10-21,11138,d_266
2011-10-22,11139,d_267
2011-10-23,11139,d_268
2011-10-24,11139,d_269
2011-10-25,11139,d_270
2011-10-26,11139,d_271
2011-10-27,11139,d_272
2011-10-28,11139,d_273
2011-10-29,11140,d_274
2011-10-30,11140,d_275
2011-10-31,11140,d_276
2011-11-01,11140,d_277
2011-11-02,11140,d_278
2011-11-03,11140,d_279
2011-11-04,11140,d_280
2011-11-05,11141,d_281
2011-11-06,11141,d_282
2011-11-07,11141,d_283
2011-11-08,11141,d_284
2011-11-09,11141,d_285
2011-11-10,11141,d_286
2011-11-11,11141,d_287
2011-11-12,11142,d_288
2011-11-13,11142,d_289
2011-11-14,11142,d_290
2011-11-15,11142,d_291
2011-11-16,11142,d_292
2011-11-17,11142,d_293
2011-11-18,11142,d_294
2011-11-19,11143,d_295
2011-11-20,11143,d_296
2011-11-21,11143,d_297
2011-11-22,11143,d_298
2011-11-23,11143,d_299
2011-11-24,11143,d_300
2011-11-25,11143,d_301
2011-11-26,11144,d_302
2011-11-27,11144,d_303
2011-11-28,11144,d_304
2011-11-29,11144,d_305
2011-11-30,11144,d_306
2011-12-01,11144,d_307
2011-12-02,11144,d_308
2011-12-03,11145,d_309
2011-12-04,11145,d_310
2011-12-05,11145,d_311
2011-12-06,11145,d_312
2011-12-07,11145,d_313
2011-12-08,11145,d_314
2011-12-09,11145,d_315
2011-12-10,11146,d_316
2011-12-11,11146,d_317
2011-12-12,11146,d_318
2011-12-13,11146,d_319
2011-12-14,11146,d_320
2011-12-15,11146,d_321
2011-12-16,11146,d_322
2011-12-17,11147,d_323
2011-12-18,11147,d_324
2011-12-19,11147,d_325
2011-12-20,11147,d_326
2011-12-21,11147,d_327
2011-12-22,11147,d_328
2011-12-23,11147,d_329
2011-12-24,11148,d_330
2011-12-25,11148,d_331
2011-12-26,11148,d_332
2011-12-27,11148,d_333
2011-12-28,11148,d_334
2011-12-29,11148,d_335
2011-12-30,11148,d_336
2011-12-31,11149,d_337
2012-01-01,11149,d_338
2012-01-02,11149,d_339
2012-01-03,11149,d_340
2012-01-04,11149,d_341
2012-01-05,11149,d_342
2012-01-06,11149,d_343
2012-01-07,11150,d_344
2012-01-08,11150,d_345
2012-01-09,11150,d_346
2012-01-10,11150,d_347
2012-01-11,11150,d_348
2012-01-12,11150,d_349
2012-01-13,11150,d_350
2012-01-14,11151,d_351
2012-01-15,11151,d_352
2012-01-16,11151,d_353
2012-01-17,11151,d_354
2012-01-18,11151,d_355
2012-01-19,11151,d_356
2012-01-20,11151,d_357
2012-01-21,11152,d_358
2012-01-22,11152,d_359
2012-01-23,11152,d_360
2012-01-24,11152,d_361
2012-01-25,11152,d_362
2012-01-26,11152,d_363
2012-01-27,11152,d_364
2012-01-28,11201,d_365
2012-01-29,11201,d_366
2012-01-30,11201,d_367
2012-01-31,11201,d_368
2012-02-01,11201,d_369
2012-02-02,11201,d_370
2012-02-03,11201,d_371
2012-02-04,11202,d_372
2012-02-05,11202,d_373
2012-02-06,11202,d_374
2012-02-07,11202,d_375
2012-02-08,11202,d_376
2012-02-09,11202,d_377
2012-02-10,11202,d_378
2012-02-11,11203,d_379
2012-02-12,11203,d_380
2012-02-13,11203,d_381
2012-02-14,11203,d_382
2012-02-15,11203,d_383
2012-02-16,11203,d_384
2012-02-17,11203,d_385
2012-02-18,11204,d_386
2012-02-19,11204,d_387
2012-02-20,11204,d_388
2012-02-21,11204,d_389
2012-02-22,11204,d_390
2012-02-23,11204,d_391
2012-02-24,11204,d_392
2012-02-25,11205,d_393
2012-02-26,11205,d_394
2012-02-27,11205,d_395
2012-02-28,11205,d_396
2012-02-29,11205,d_397
2012-03-01,11205,d_398
2012-03-02,11205,d_399
2012-03-03,11206,d_400
2012-03-04,11206,d_401
2012-03-05,11206,d_402
2012-03-06,11206,d_403
2012-03-07,11206,d_404
2012-03-08,11206,d_405
2012-03-09,11206,d_406
2012-03-10,11207,d_407
2012-03-11,11207,d_408
2012-03-12,11207,d_409
2012-03-13,11207,d_410
2012-03-14,11207,d_411
2012-03-15,11207,d_412
2012-03-16,11207,d_413
2012-03-17,11208,d_414
2012-03-18,11208,d_415
2012-03-19,11208,d_416
2012-03-20,11208,d_417
2012-03-21,11208,d_418
2012-03-22,11208,d_419
2012-03-23,11208,d_420
2012-03-24,11209,d_421
2012-03-25,11209,d_422
2012-03-26,11209,d_423
2012-03-27,11209,d_424
2012-03-28,11209,d_425
2012-03-29,11209,d_426
2012-03-30,11209,d_427
2012-03-31,11210,d_428
2012-04-01,11210,d_429
2012-04-02,11210,d_430
2012-04-03,11210,d_431
2012-04-04,11210,d_432
2012-04-05,11210,d_433
2012-04-06,11210,d_434
2012-04-07,11211,d_435
2012-04-08,11211,d_436
2012-04-09,11211,d_437
2012-04-10,11211,d_438
2012-04-11,11211,d_439
2012-04-12,11211,d_440
2012-04-13,11211,d_441
2012-04-14,11212,d_442
2012-04-15,11212,d_443
2012-04-16,11212,d_444
2012-04-17,11212,d_445
2012-04-18,11212,d_446
2012-04-19,11212,d_447
2012-04-20,11212,d_448
2012-04-21,11213,d_449
2012-04-22,11213,d_450
2012-04-23,11213,d_451
2012-04-24,11213,d_452
2012-04-25,11213,d_453
2012-04-26,11213,d_454
2012-04-27,11213,d_455
2012-04-28,11214,d_456
2012-04-29,11214,d_457
2012-04-30,11214,d_458
2012-05-01,11214,d_459
2012-05-02,11214,d_460
2012-05-03,11214,d_461
2012-05-04,11214,d_462
2012-05-05,11215,d_463
2012-05-06,11215,d_464
2012-05-07,11215,d_465
2012-05-08,11215,d_466
2012-05-09,11215,d_467
2012-05-10,11215,d_468
2012-05-11,11215,d_469
2012-05-12,11216,d_470
2012-05-13,11216,d_471
2012-05-14,11216,d_472
2012-05-15,11216,d_473
2012-05-16,11216,d_474
2012-05-17,11216,d_475
2012-05-18,11216,d_476
2012-05-19,11217,d_477
2012-05-20,11217,d_478
2012-05-21,11217,d_479
2012-05-22,11217,d_480
2012-05-23,11217,d_481
2012-05-24,11217,d_482
2012-05-25,11217,d_483
2012-05-26,11218,d_484
2012-05-27,11218,d_485
2012-05-28,11218,d_486
2012-05-29,11218,d_487
2012-05-30,11218,d_488
2012-05-31,11218,d_489
2012-06-01,11218,d_490
2012-06-02,11219,d_491
2012-06-03,11219,d_492
2012-06-04,11219,d_493
2012-06-05,11219,d_494
2012-06-06,11219,d_495
2012-06-07,11219,d_496
2012-06-08,11219,d_497
2012-06-09,11220,d_498
2012-06-10,11220,d_499
2012-06-11,11220,d_500
2012-06-12,11220,d_501
2012-06-13,11220,d_502
2012-06-14,11220,d_503
2012-06-15,11220,d_504
2012-06-16,11221,d_505
2012-06-17,11221,d_506
2012-06-18,11221,d_507
2012-06-19,11221,d_508
2012-06-20,11221,d_509
2012-06-21,11221,d_510
2012-06-22,11221,d_511
2012-06-23,11222,d_512
2012-06-24,11222,d_513
2012-06-25,11222,d_514
2012-06-26,11222,d_515
2012-06-27,11222,d_516
2012-06-28,11222,d_517
2012-06-29,11222,d_518
2012-06-30,11223,d_519
2012-07-01,11223,d_520
2012-07-02,11223,d_521
2012-07-03,11223,d_522
2012-07-04,11223,d_523
2012-07-05,11223,d_524
2012-07-06,11223,d_525
2012-07-07,11224,d_526
2012-07-08,11224,d_527
2012-07-09,11224,d_528
2012-07-10,11224,d_529
2012-07-11,11224,d_530
2012-07-12,11224,d_531
2012-07-13,11224,d_532
2012-07-14,11225,d_533
2012-07-15,11225,d_534
2012-07-16,11225,d_535
2012-07-17,11225,d_536
2012-07-18,11225,d_537
2012-07-19,11225,d_538
2012-07-20,11225,d_539
2012-07-21,11226,d_540
2012-07-22,11226,d_541
2012-07-23,11226,d_542
2012-07-24,11226,d_543
2012-07-25,11226,d_544
2012-07-26,11226,d_545
2012-07-27,11226,d_546
2012-07-28,11227,d_547
2012-07-29,11227,d_548
2012-07-30,11227,d_549
2012-07-31,11227,d_550
2012-08-01,11227,d_551
2012-08-02,11227,d_552
2012-08-03,11227,d_553
2012-08-04,11228,d_554
2012-08-05,11228,d_555
2012-08-06,11228,d_556
2012-08-07,11228,d_557
2012-08-08,11228,d_558
2012-08-09,11228,d_559
2012-08-10,11228,d_560
2012-08-11,11229,d_561
2012-08-12,11229,d_562
2012-08-13,11229,d_563
2012-08-14,11229,d_564
2012-08-15,11229,d_565
2012-08-16,11229,d_566
2012-08-17,11229,d_567
2012-08-18,11230,d_568
2012-08-19,11230,d_569
2012-08-20,11230,d_570
2012-08-21,11230,d_571
2012-08-22,11230,d_572
2012-08-23,11230,d_573
2012-08-24,11230,d_574
2012-08-25,11231,d_575
2012-08-26,11231,d_576
2012-08-27,11231,d_577
2012-08-28,11231,d_578
2012-08-29,11231,d_579
2012-08-30,11231,d_580
2012-08-31,11231,d_581
2012-09-01,11232,d_582
2012-09-02,11232,d_583
2012-09-03,11232,d_584
2012-09-04,11232,d_585
2012-09-05,11232,d_586
2012-09-06,11232,d_587
2012-09-07,11232,d_588
2012-09-08,11233,d_589
2012-09-09,11233,d_590
2012-09-10,11233,d_591
2012-09-11,11233,d_592
2012-09-12,11233,d_593
2012-09-13,11233,d_594
2012-09-14,11233,d_595
2012-09-15,11234,d_596
2012-09-16,11234,d_597
2012-09-17,11234,d_598
2012-09-18,11234,d_599
2012-09-19,11234,d_600
2012-09-20,11234,d_601
2012-09-21,11234,d_602
2012-09-22,11235,d_603
2012-09-23,11235,d_604
2012-09-24,11235,d_605
2012-09-25,11235,d_606
2012-09-26,11235,d_607
2012-09-27,11235,d_608
2012-09-28,11235,d_609
2012-09-29,11236,d_610
2012-09-30,11236,d_611
2012-10-01,11236,d_612
2012-10-02,11236,d_613
2012-10-03,11236,d_614
2012-10-04,11236,d_615
2012-10-05,11236,d_616
2012-10-06,11237,d_617
2012-10-07,11237,d_618
2012-10-08,11237,d_619
2012-10-09,11237,d_620
2012-10-10,11237,d_621
2012-10-11,11237,d_622
2012-10-12,11237,d_623
2012-10-13,11238,d_624
2012-10-14,11238,d_625
2012-10-15,11238,d_626
2012-10-16,11238,d_627
2012-10-17,11238,d_628
2012-10-18,11238,d_629
2012-10-19,11238,d_630
2012-10-20,11239,d_631
2012-10-21,11239,d_632
2012-10-22,11239,d_633
2012-10-23,11239,d_634
2012-10-24,11239,d_635
2012-10-25,11239,d_636
2012-10-26,11239,d_637
2012-10-27,11240,d_638
2012-10-28,11240,d_639
2012-10-29,11240,d_640
2012-10-30,11240,d_641
2012-10-31,11240,d_642
2012-11-01,11240,d_643
2012-11-02,11240,d_644
2012-11-03,11241,d_645
2012-11-04,11241,d_646
2012-11-05,11241,d_647
2012-11-06,11241,d_648
2012-11-07,11241,d_649
2012-11-08,11241,d_650
2012-11-09,11241,d_651
2012-11-10,11242,d_652
2012-11-11,11242,d_653
2012-11-12,11242,d_654
2012-11-13,11242,d_655
2012-11-14,11242,d_656
2012-11-15,11242,d_657
2012-11-16,11242,d_658
2012-11-17,11243,d_659
2012-11-18,11243,d_660
2012-11-19,11243,d_661
2012-11-20,11243,d_662
2012-11-21,11243,d_663
2012-11-22,11243,d_664
2012-11-23,11243,d_665
2012-11-24,11244,d_666
2012-11-25,11244,d_667
2012-11-26,11244,d_668
2012-11-27,11244,d_669
2012-11-28,11244,d_670
2012-11-29,11244,d_671
2012-11-30,11244,d_672
2012-12-01,11245,d_673
2012-12-02,11245,d_674
2012-12-03,11245,d_675
2012-12-04,11245,d_676
2012-12-05,11245,d_677
2012-12-06,11245,d_678
2012-12-07,11245,d_679
2012-12-08,11246,d_680
2012-12-09,11246,d_681
2012-12-10,11246,d_682
2012-12-11,11246,d_683
2012-12-12,11246,d_684
2012-12-13,11246,d_685
2012-12-14,11246,d_686
2012-12-15,11247,d_687
2012-12-16,11247,d_688
2012-12-17,11247,d_689
2012-12-18,11247,d_690
2012-12-19,11247,d_691
2012-12-20,11247,d_692
2012-12-21,11247,d_693
2012-12-22,11248,d_694
2012-12-23,11248,d_695
2012-12-24,11248,d_696
2012-12-25,11248,d_697
2012-12-26,11248,d_698
2012-12-27,11248,d_699
2012-12-28,11248,d_700
2012-12-29,11249,d_701
2012-12-30,11249,d_702
2012-12-31,11249,d_703
2013-01-01,11249,d_704
2013-01-02,11249,d_705
2013-01-03,11249,d_706
2013-01-04,11249,d_707
2013-01-05,11250,d_708
2013-01-06,11250,d_709
2013-01-07,11250,d_710
2013-01-08,11250,d_711
2013-01-09,11250,d_712
2013-01-10,11250,d_713
2013-01-11,11250,d_714
2013-01-12,11251,d_715
2013-01-13,11251,d_716
2013-01-14,11251,d_717
2013-01-15,11251,d_718
2013-01-16,11251,d_719
2013-01-17,11251,d_720
2013-01-18,11251,d_721
2013-01-19,11252,d_722
2013-01-20,11252,d_723
2013-01-21,11252,d_724
2013-01-22,11252,d_725
2013-01-23,11252,d_726
2013-01-24,11252,d_727
2013-01-25,11252,d_728
2013-01-26,11301,d_729
2013-01-27,11301,d_730
2013-01-28,11301,d_731
2013-01-29,11301,d_732
2013-01-30,11301,d_733
2013-01-31,11301,d_734
2013-02-01,11301,d_735
2013-02-02,11302,d_736
2013-02-03,11302,d_737
2013-02-04,11302,d_738
2013-02-05,11302,d_739
2013-02-06,11302,d_740
2013-02-07,11302,d_741
2013-02-08,11302,d_742
2013-02-09,11303,d_743
2013-02-10,11303,d_744
2013-02-11,11303,d_745
2013-02-12,11303,d_746
2013-02-13,11303,d_747
2013-02-14,11303,d_748
2013-02-15,11303,d_749
2013-02-16,11304,d_750
2013-02-17,11304,d_751
2013-02-18,11304,d_752
2013-02-19,11304,d_753
2013-02-20,11304,d_754
2013-02-21,11304,d_755
2013-02-22,11304,d_756
2013-02-23,11305,d_757
2013-02-24,11305,d_758
2013-02-25,11305,d_759
2013-02-26,11305,d_760
2013-02-27,11305,d_761
2013-02-28,11305,d_762
2013-03-01,11305,d_763
2013-03-02,11306,d_764
2013-03-03,11306,d_765
2013-03-04,11306,d_766
2013-03-05,11306,d_767
2013-03-06,11306,d_768
2013-03-07,11306,d_769
2013-03-08,11306,d_770
2013-03-09,11307,d_771
2013-03-10,11307,d_772
2013-03-11,11307,d_773
2013-03-12,11307,d_774
2013-03-13,11307,d_775
2013-03-14,11307,d_776
2013-03-15,11307,d_777
2013-03-16,11308,d_778
2013-03-17,11308,d_779
2013-03-18,11308,d_780
2013-03-19,11308,d_781
2013-03-20,11308,d_782
2013-03-21,11308,d_783
2013-03-22,11308,d_784
2013-03-23,11309,d_785
2013-03-24,11309,d_786
2013-03-25,11309,d_787
2013-03-26,11309,d_788
2013-03-27,11309,d_789
2013-03-28,11309,d_790
2013-03-29,11309,d_791
2013-03-30,11310,d_792
2013-03-31,11310,d_793
2013-04-01,11310,d_794
2013-04-02,11310,d_795
2013-04-03,11310,d_796
2013-04-04,11310,d_797
2013-04-05,11310,d_798
2013-04-06,11311,d_799
2013-04-07,11311,d_800
2013-04-08,11311,d_801
2013-04-09,11311,d_802
2013-04-10,11311,d_803
2013-04-11,11311,d_804
2013-04-12,11311,d_805
2013-04-13,11312,d_806
2013-04-14,11312,d_807
2013-04-15,11312,d_808
2013-04-16,11312,d_809
2013-04-17,11312,d_810
2013-04-18,11312,d_811
2013-04-19,11312,d_812
2013-04-20,11313,d_813
2013-04-21,11313,d_814
2013-04-22,11313,d_815
2013-04-23,11313,d_816
2013-04-24,11313,d_817
2013-04-25,11313,d_818
2013-04-26,11313,d_819
2013-04-27,11314,d_820
2013-04-28,11314,d_821
2013-04-29,11314,d_822
2013-04-30,11314,d_823
2013-05-01,11314,d_824
2013-05-02,11314,d_825
2013-05-03,11314,d_826
2013-05-04,11315,d_827
2013-05-05,11315,d_828
2013-05-06,11315,d_829
2013-05-07,11315,d_830
2013-05-08,11315,d_831
2013-05-09,11315,d_832
2013-05-10,11315,d_833
2013-05-11,11316,d_834
2013-05-12,11316,d_835
2013-05-13,11316,d_836
2013-05-14,11316,d_837
2013-05-15,11316,d_838
2013-05-16,11316,d_839
2013-05-17,11316,d_840
2013-05-18,11317,d_841
2013-05-19,11317,d_842
2013-05-20,11317,d_843
2013-05-21,11317,d_844
2013-05-22,11317,d_845
2013-05-23,11317,d_846
2013-05-24,11317,d_847
2013-05-25,11318,d_848
2013-05-26,11318,d_849
2013-05-27,11318,d_850
2013-05-28,11318,d_851
2013-05-29,11318,d_852
2013-05-30,11318,d_853
2013-05-31,11318,d_854
2013-06-01,11319,d_855
2013-06-02,11319,d_856
2013-06-03,11319,d_857
2013-06-04,11319,d_858
2013-06-05,11319,d_859
2013-06-06,11319,d_860
2013-06-07,11319,d_861
2013-06-08,11320,d_862
2013-06-09,11320,d_863
2013-06-10,11320,d_864
2013-06-11,11320,d_865
2013-06-12,11320,d_866
2013-06-13,11320,d_867
2013-06-14,11320,d_868
2013-06-15,11321,d_869
2013-06-16,11321,d_870
2013-06-17,11321,d_871
2013-06-18,11321,d_872
2013-06-19,11321,d_873
2013-06-20,11321,d_874
2013-06-21,11321,d_875
2013-06-22,11322,d_876
2013-06-23,11322,d_877
2013-06-24,11322,d_878
2013-06-25,11322,d_879
2013-06-26,11322,d_880
2013-06-27,11322,d_881
2013-06-28,11322,d_882
2013-06-29,11323,d_883
2013-06-30,11323,d_884
2013-07-01,11323,d_885
2013-07-02,11323,d_886
2013-07-03,11323,d_887
2013-07-04,11323,d_888
2013-07-05,11323,d_889
2013-07-06,11324,d_890
2013-07-07,11324,d_891
2013-07-08,11324,d_892
2013-07-09,11324,d_893
2013-07-10,11324,d_894
2013-07-11,11324,d_895
2013-07-12,11324,d_896
2013-07-13,11325,d_897
2013-07-14,11325,d_898
2013-07-15,11325,d_899
2013-07-16,11325,d_900
2013-07-17,11325,d_901
2013-07-18,11325,d_902
2013-07-19,11325,d_903
2013-07-20,11326,d_904
2013-07-21,11326,d_905
2013-07-22,11326,d_906
2013-07-23,11326,d_907
2013-07-24,11326,d_908
2013-07-25,11326,d_909
2013-07-26,11326,d_910
2013-07-27,11327,d_911
2013-07-28,11327,d_912
2013-07-29,11327,d_913
2013-07-30,11327,d_914
2013-07-31,11327,d_915
2013-08-01,11327,d_916
2013-08-02,11327,d_917
2013-08-03,11328,d_918
2013-08-04,11328,d_919
2013-08-05,11328,d_920
2013-08-06,11328,d_921
2013-08-07,11328,d_922
2013-08-08,11328,d_923
2013-08-09,11328,d_924
2013-08-10,11329,d_925
2013-08-11,11329,d_926
2013-08-12,11329,d_927
2013-08-13,11329,d_928
2013-08-14,11329,d_929
2013-08-15,11329,d_930
2013-08-16,11329,d_931
2013-08-17,11330,d_932
2013-08-18,11330,d_933
2013-08-19,11330,d_934
2013-08-20,11330,d_935
2013-08-21,11330,d_936
2013-08-22,11330,d_937
2013-08-23,11330,d_938
2013-08-24,11331,d_939
2013-08-25,11331,d_940
2013-08-26,11331,d_941
2013-08-27,11331,d_942
2013-08-28,11331,d_943
2013-08-29,11331,d_944
2013-08-30,11331,d_945
2013-08-31,11332,d_946
2013-09-01,11332,d_947
2013-09-02,11332,d_948
2013-09-03,11332,d_949
2013-09-04,11332,d_950
2013-09-05,11332,d_951
2013-09-06,11332,d_952
2013-09-07,11333,d_953
2013-09-08,11333,d_954
2013-09-09,11333,d_955
2013-09-10,11333,d_956
2013-09-11,11333,d_957
2013-09-12,11333,d_958
2013-09-13,11333,d_959
2013-09-14,11334,d_960
2013-09-15,11334,d_961
2013-09-16,11334,d_962
2013-09-17,11334,d_963
2013-09-18,11334,d_964
2013-09-19,11334,d_965
2013-09-20,11334,d_966
2013-09-21,11335,d_967
2013-09-22,11335,d_968
2013-09-23,11335,d_969
2013-09-24,11335,d_970
2013-09-25,11335,d_971
2013-09-26,11335,d_972
2013-09-27,11335,d_973
2013-09-28,11336,d_974
2013-09-29,11336,d_975
2013-09-30,11336,d_976
2013-10-01,11336,d_977
2013-10-02,11336,d_978
2013-10-03,11336,d_979
2013-10-04,11336,d_980
2013-10-05,11337,d_981
2013-10-06,11337,d_982
2013-10-07,11337,d_983
2013-10-08,11337,d_984
2013-10-09,11337,d_985
2013-10-10,11337,d_986
2013-10-11,11337,d_987
2013-10-12,11338,d_988
2013-10-13,11338,d_989
2013-10-14,11338,d_990
2013-10-15,11338,d_991
2013-10-16,11338,d_992
2013-10-17,11338,d_993
2013-10-18,11338,d_994
2013-10-19,11339,d_995
2013-10-20,11339,d_996
2013-10-21,11339,d_997
2013-10-22,11339,d_998
2013-10-23,11339,d_999
2013-10-24,11339,d_1000
2013-10-25,11339,d_1001
2013-10-26,11340,d_1002
2013-10-27,11340,d_1003
2013-10-28,11340,d_1004
2013-10-29,11340,d_1005
2013-10-30,11340,d_1006
2013-10-31,11340,d_1007
2013-11-01,11340,d_1008
2013-11-02,11341,d_1009
2013-11-03,11341,d_1010
2013-11-04,11341,d_1011
2013-11-05,11341,d_1012
2013-11-06,11341,d_1013
2013-11-07,11341,d_1014
2013-11-08,11341,d_1015
2013-11-09,11342,d_1016
2013-11-10,11342,d_1017
2013-11-11,11342,d_1018
2013-11-12,11342,d_1019
2013-11-13,11342,d_1020
2013-11-14,11342,d_1021
2013-11-15,11342,d_1022
2013-11-16,11343,d_1023
2013-11-17,11343,d_1024
2013-11-18,11343,d_1025
2013-11-19,11343,d_1026
2013-11-20,11343,d_1027
2013-11-21,11343,d_1028
2013-11-22,11343,d_1029
2013-11-23,11344,d_1030
2013-11-24,11344,d_1031
2013-11-25,11344,d_1032
2013-11-26,11344,d_1033
2013-11-27,11344,d_1034
2013-11-28,11344,d_1035
2013-11-29,11344,d_1036
2013-11-30,11345,d_1037
2013-12-01,11345,d_1038
2013-12-02,11345,d_1039
2013-12-03,11345,d_1040
2013-12-04,11345,d_1041
2013-12-05,11345,d_1042
2013-12-06,11345,d_1043
2013-12-07,11346,d_1044
2013-12-08,11346,d_1045
2013-12-09,11346,d_1046
2013-12-10,11346,d_1047
2013-12-11,11346,d_1048
2013-12-12,11346,d_1049
2013-12-13,11346,d_1050
2013-12-14,11347,d_1051
2013-12-15,11347,d_1052
2013-12-16,11347,d_1053
2013-12-17,11347,d_1054
2013-12-18,11347,d_1055
2013-12-19,11347,d_1056
2013-12-20,11347,d_1057
2013-12-21,11348,d_1058
2013-12-22,11348,d_1059
2013-12-23,11348,d_1060
2013-12-24,11348,d_1061
2013-12-25,11348,d_1062
2013-12-26,11348,d_1063
2013-12-27,11348,d_1064
2013-12-28,11349,d_1065
2013-12-29,11349,d_1066
2013-12-30,11349,d_1067
2013-12-31,11349,d_1068
2014-01-01,11349,d_1069
2014-01-02,11349,d_1070
2014-01-03,11349,d_1071
2014-01-04,11350,d_1072
2014-01-05,11350,d_1073
2014-01-06,11350,d_1074
2014-01-07,11350,d_1075
2014-01-08,11350,d_1076
2014-01-09,11350,d_1077
2014-01-10,11350,d_1078
2014-01-11,11351,d_1079
2014-01-12,11351,d_1080
2014-01-13,11351,d_1081
2014-01-14,11351,d_1082
2014-01-15,11351,d_1083
2014-01-16,11351,d_1084
2014-01-17,11351,d_1085
2014-01-18,11352,d_1086
2014-01-19,11352,d_1087
2014-01-20,11352,d_1088
2014-01-21,11352,d_1089
2014-01-22,11352,d_1090
2014-01-23,11352,d_1091
2014-01-24,11352,d_1092
2014-01-25,11353,d_1093
2014-01-26,11353,d_1094
2014-01-27,11353,d_1095
2014-01-28,11353,d_1096
2014-01-29,11353,d_1097
2014-01-30,11353,d_1098
2014-01-31,11353,d_1099
2014-02-01,11401,d_1100
2014-02-02,11401,d_1101
2014-02-03,11401,d_1102
2014-02-04,11401,d_1103
2014-02-05,11401,d_1104
2014-02-06,11401,d_1105
2014-02-07,11401,d_1106
2014-02-08,11402,d_1107
2014-02-09,11402,d_1108
2014-02-10,11402,d_1109
2014-02-11,11402,d_1110
2014-02-12,11402,d_1111
2014-02-13,11402,d_1112
2014-02-14,11402,d_1113
2014-02-15,11403,d_1114
2014-02-16,11403,d_1115
2014-02-17,11403,d_1116
2014-02-18,11403,d_1117
2014-02-19,11403,d_1118
2014-02-20,11403,d_1119
2014-02-21,11403,d_1120
2014-02-22,11404,d_1121
2014-02-23,11404,d_1122
2014-02-24,11404,d_1123
2014-02-25,11404,d_1124
2014-02-26,11404,d_1125
2014-02-27,11404,d_1126
2014-02-28,11404,d_1127
2014-03-01,11405,d_1128
2014-03-02,11405,d_1129
2014-03-03,11405,d_1130
2014-03-04,11405,d_1131
2014-03-05,11405,d_1132
2014-03-06,11405,d_1133
2014-03-07,11405,d_1134
2014-03-08,11406,d_1135
2014-03-09,11406,d_1136
2014-03-10,11406,d_1137
2014-03-11,11406,d_1138
2014-03-12,11406,d_1139
2014-03-13,11406,d_1140
2014-03-14,11406,d_1141
2014-03-15,11407,d_1142
2014-03-16,11407,d_1143
2014-03-17,11407,d_1144
2014-03-18,11407,d_1145
2014-03-19,11407,d_1146
2014-03-20,11407,d_1147
2014-03-21,11407,d_1148
2014-03-22,11408,d_1149
2014-03-23,11408,d_1150
2014-03-24,11408,d_1151
2014-03-25,11408,d_1152
2014-03-26,11408,d_1153
2014-03-27,11408,d_1154
2014-03-28,11408,d_1155
2014-03-29,11409,d_1156
2014-03-30,11409,d_1157
2014-03-31,11409,d_1158
2014-04-01,11409,d_1159
2014-04-02,11409,d_1160
2014-04-03,11409,d_1161
2014-04-04,11409,d_1162
2014-04-05,11410,d_1163
2014-04-06,11410,d_1164
2014-04-07,11410,d_1165
2014-04-08,11410,d_1166
2014-04-09,11410,d_1167
2014-04-10,11410,d_1168
2014-04-11,11410,d_1169
2014-04-12,11411,d_1170
2014-04-13,11411,d_1171
2014-04-14,11411,d_1172
2014-04-15,11411,d_1173
2014-04-16,11411,d_1174
2014-04-17,11411,d_1175
2014-04-18,11411,d_1176
2014-04-19,11412,d_1177
2014-04-20,11412,d_1178
2014-04-21,11412,d_1179
2014-04-22,11412,d_1180
2014-04-23,11412,d_1181
2014-04-24,11412,d_1182
2014-04-25,11412,d_1183
2014-04-26,11413,d_1184
2014-04-27,11413,d_1185
2014-04-28,11413,d_1186
2014-04-29,11413,d_1187
2014-04-30,11413,d_1188
2014-05-01,11413,d_1189
2014-05-02,11413,d_1190
2014-05-03,11414,d_1191
2014-05-04,11414,d_1192
2014-05-05,11414,d_1193
2014-05-06,11414,d_1194
2014-05-07,11414,d_1195
2014-05-08,11414,d_1196
2014-05-09,11414,d_1197
2014-05-10,11415,d_1198
2014-05-11,11415,d_1199
2014-05-12,11415,d_1200
2014-05-13,11415,d_1201
2014-05-14,11415,d_1202
2014-05-15,11415,d_1203
2014-05-16,11415,d_1204
2014-05-17,11416,d_1205
2014-05-18,11416,d_1206
2014-05-19,11416,d_1207
2014-05-20,11416,d_1208
2014-05-21,11416,d_1209
2014-05-22,11416,d_1210
2014-05-23,11416,d_1211
2014-05-24,11417,d_1212
2014-05-25,11417,d_1213
2014-05-26,11417,d_1214
2014-05-27,11417,d_1215
2014-05-28,11417,d_1216
2014-05-29,11417,d_1217
2014-05-30,11417,d_1218
2014-05-31,11418,d_1219
2014-06-01,11418,d_1220
2014-06-02,11418,d_1221
2014-06-03,11418,d_1222
2014-06-04,11418,d_1223
2014-06-05,11418,d_1224
2014-06-06,11418,d_1225
2014-06-07,11419,d_1226
2014-06-08,11419,d_1227
2014-06-09,11419,d_1228
2014-06-10,11419,d_1229
2014-06-11,11419,d_1230
2014-06-12,11419,d_1231
2014-06-13,11419,d_1232
2014-06-14,11420,d_1233
2014-06-15,11420,d_1234
2014-06-16,11420,d_1235
2014-06-17,11420,d_1236
2014-06-18,11420,d_1237
2014-06-19,11420,d_1238
2014-06-20,11420,d_1239
2014-06-21,11421,d_1240
2014-06-22,11421,d_1241
2014-06-23,11421,d_1242
2014-06-24,11421,d_1243
2014-06-25,11421,d_1244
2014-06-26,11421,d_1245
2014-06-27,11421,d_1246
2014-06-28,11422,d_1247
2014-06-29,11422,d_1248
2014-06-30,11422,d_1249
2014-07-01,11422,d_1250
2014-07-02,11422,d_1251
2014-07-03,11422,d_1252
2014-07-04,11422,d_1253
2014-07-05,11423,d_1254
2014-07-06,11423,d_1255
2014-07-07,11423,d_1256
2014-07-08,11423,d_1257
2014-07-09,11423,d_1258
2014-07-10,11423,d_1259
2014-07-11,11423,d_1260
2014-07-12,11424,d_1261
2014-07-13,11424,d_1262
2014-07-14,11424,d_1263
2014-07-15,11424,d_1264
2014-07-16,11424,d_1265
2014-07-17,11424,d_1266
2014-07-18,11424,d_1267
2014-07-19,11425,d_1268
2014-07-20,11425,d_1269
2014-07-21,11425,d_1270
2014-07-22,11425,d_1271
2014-07-23,11425,d_1272
2014-07-24,11425,d_1273
2014-07-25,11425,d_1274
2014-07-26,11426,d_1275
2014-07-27,11426,d_1276
2014-07-28,11426,d_1277
2014-07-29,11426,d_1278
2014-07-30,11426,d_1279
2014-07-31,11426,d_1280
2014-08-01,11426,d_1281
2014-08-02,11427,d_1282
2014-08-03,11427,d_1283
2014-08-04,11427,d_1284
2014-08-05,11427,d_1285
2014-08-06,11427,d_1286
2014-08-07,11427,d_1287
2014-08-08,11427,d_1288
2014-08-09,11428,d_1289
2014-08-10,11428,d_1290
2014-08-11,11428,d_1291
2014-08-12,11428,d_1292
2014-08-13,11428,d_1293
2014-08-14,11428,d_1294
2014-08-15,11428,d_1295
2014-08-16,11429,d_1296
2014-08-17,11429,d_1297
2014-08-18,11429,d_1298
2014-08-19,11429,d_1299
2014-08-20,11429,d_1300
2014-08-21,11429,d_1301
2014-08-22,11429,d_1302
2014-08-23,11430,d_1303
2014-08-24,11430,d_1304
2014-08-25,11430,d_1305
2014-08-26,11430,d_1306
2014-08-27,11430,d_1307
2014-08-28,11430,d_1308
2014-08-29,11430,d_1309
2014-08-30,11431,d_1310
2014-08-31,11431,d_1311
2014-09-01,11431,d_1312
2014-09-02,11431,d_1313
2014-09-03,11431,d_1314
2014-09-04,11431,d_1315
2014-09-05,11431,d_1316
2014-09-06,11432,d_1317
2014-09-07,11432,d_1318
2014-09-08,11432,d_1319
2014-09-09,11432,d_1320
2014-09-10,11432,d_1321
2014-09-11,11432,d_1322
2014-09-12,11432,d_1323
2014-09-13,11433,d_1324
2014-09-14,11433,d_1325
2014-09-15,11433,d_1326
2014-09-16,11433,d_1327
2014-09-17,11433,d_1328
2014-09-18,11433,d_1329
2014-09-19,11433,d_1330
2014-09-20,11434,d_1331
2014-09-21,11434,d_1332
2014-09-22,11434,d_1333
2014-09-23,11434,d_1334
2014-09-24,11434,d_1335
2014-09-25,11434,d_1336
2014-09-26,11434,d_1337
2014-09-27,11435,d_1338
2014-09-28,11435,d_1339
2014-09-29,11435,d_1340
2014-09-30,11435,d_1341
2014-10-01,11435,d_1342
2014-10-02,11435,d_1343
2014-10-03,11435,d_1344
2014-10-04,11436,d_1345
2014-10-05,11436,d_1346
2014-10-06,11436,d_1347
2014-10-07,11436,d_1348
2014-10-08,11436,d_1349
2014-10-09,11436,d_1350
2014-10-10,11436,d_1351
2014-10-11,11437,d_1352
2014-10-12,11437,d_1353
2014-10-13,11437,d_1354
2014-10-14,11437,d_1355
2014-10-15,11437,d_1356
2014-10-16,11437,d_1357
2014-10-17,11437,d_1358
2014-10-18,11438,d_1359
2014-10-19,11438,d_1360
2014-10-20,11438,d_1361
2014-10-21,11438,d_1362
2014-10-22,11438,d_1363
2014-10-23,11438,d_1364
2014-10-24,11438,d_1365
2014-10-25,11439,d_1366
2014-10-26,11439,d_1367
2014-10-27,11439,d_1368
2014-10-28,11439,d_1369
2014-10-29,11439,d_1370
2014-10-30,11439,d_1371
2014-10-31,11439,d_1372
2014-11-01,11440,d_1373
2014-11-02,11440,d_1374
2014-11-03,11440,d_1375
2014-11-04,11440,d_1376
2014-11-05,11440,d_1377
2014-11-06,11440,d_1378
2014-11-07,11440,d_1379
2014-11-08,11441,d_1380
2014-11-09,11441,d_1381
2014-11-10,11441,d_1382
2014-11-11,11441,d_1383
2014-11-12,11441,d_1384
2014-11-13,11441,d_1385
2014-11-14,11441,d_1386
2014-11-15,11442,d_1387
2014-11-16,11442,d_1388
2014-11-17,11442,d_1389
2014-11-18,11442,d_1390
2014-11-19,11442,d_1391
2014-11-20,11442,d_1392
2014-11-21,11442,d_1393
2014-11-22,11443,d_1394
2014-11-23,11443,d_1395
2014-11-24,11443,d_1396
2014-11-25,11443,d_1397
2014-11-26,11443,d_1398
2014-11-27,11443,d_1399
2014-11-28,11443,d_1400
2014-11-29,11444,d_1401
2014-11-30,11444,d_1402
2014-12-01,11444,d_1403
2014-12-02,11444,d_1404
2014-12-03,11444,d_1405
2014-12-04,11444,d_1406
2014-12-05,11444,d_1407
2014-12-06,11445,d_1408
2014-12-07,11445,d_1409
2014-12-08,11445,d_1410
2014-12-09,11445,d_1411
2014-12-10,11445,d_1412
2014-12-11,11445,d_1413
2014-12-12,11445,d_1414
2014-12-13,11446,d_1415
2014-12-14,11446,d_1416
2014-12-15,11446,d_1417
2014-12-16,11446,d_1418
2014-12-17,11446,d_1419
2014-12-18,11446,d_1420
2014-12-19,11446,d_1421
2014-12-20,11447,d_1422
2014-12-21,11447,d_1423
2014-12-22,11447,d_1424
2014-12-23,11447,d_1425
2014-12-24,11447,d_1426
2014-12-25,11447,d_1427
2014-12-26,11447,d_1428
2014-12-27,11448,d_1429
2014-12-28,11448,d_1430
2014-12-29,11448,d_1431
2014-12-30,11448,d_1432
2014-12-31,11448,d_1433
2015-01-01,11448,d_1434
2015-01-02,11448,d_1435
2015-01-03,11449,d_1436
2015-01-04,11449,d_1437
2015-01-05,11449,d_1438
2015-01-06,11449,d_1439
2015-01-07,11449,d_1440
2015-01-08,11449,d_1441
2015-01-09,11449,d_1442
2015-01-10,11450,d_1443
2015-01-11,11450,d_1444
2015-01-12,11450,d_1445
2015-01-13,11450,d_1446
2015-01-14,11450,d_1447
2015-01-15,11450,d_1448
2015-01-16,11450,d_1449
2015-01-17,11451,d_1450
2015-01-18,11451,d_1451
2015-01-19,11451,d_1452
2015-01-20,11451,d_1453
2015-01-21,11451,d_1454
2015-01-22,11451,d_1455
2015-01-23,11451,d_1456
2015-01-24,11452,d_1457
2015-01-25,11452,d_1458
2015-01-26,11452,d_1459
2015-01-27,11452,d_1460
2015-01-28,11452,d_1461
2015-01-29,11452,d_1462
2015-01-30,11452,d_1463
2015-01-31,11501,d_1464
2015-02-01,11501,d_1465
2015-02-02,11501,d_1466
2015-02-03,11501,d_1467
2015-02-04,11501,d_1468
2015-02-05,11501,d_1469
2015-02-06,11501,d_1470
2015-02-07,11502,d_1471
2015-02-08,11502,d_1472
2015-02-09,11502,d_1473
2015-02-10,11502,d_1474
2015-02-11,11502,d_1475
2015-02-12,11502,d_1476
2015-02-13,11502,d_1477
2015-02-14,11503,d_1478
2015-02-15,11503,d_1479
2015-02-16,11503,d_1480
2015-02-17,11503,d_1481
2015-02-18,11503,d_1482
2015-02-19,11503,d_1483
2015-02-20,11503,d_1484
2015-02-21,11504,d_1485
2015-02-22,11504,d_1486
2015-02-23,11504,d_1487
2015-02-24,11504,d_1488
2015-02-25,11504,d_1489
2015-02-26,11504,d_1490
2015-02-27,11504,d_1491
2015-02-28,11505,d_1492
2015-03-01,11505,d_1493
2015-03-02,11505,d_1494
2015-03-03,11505,d_1495
2015-03-04,11505,d_1496
2015-03-05,11505,d_1497
2015-03-06,11505,d_1498
2015-03-07,11506,d_1499
2015-03-08,11506,d_1500
2015-03-09,11506,d_1501
2015-03-10,11506,d_1502
2015-03-11,11506,d_1503
2015-03-12,11506,d_1504
2015-03-13,11506,d_1505
2015-03-14,11507,d_1506
2015-03-15,11507,d_1507
2015-03-16,11507,d_1508
2015-03-17,11507,d_1509
2015-03-18,11507,d_1510
2015-03-19,11507,d_1511
2015-03-20,11507,d_1512
2015-03-21,11508,d_1513
2015-03-22,11508,d_1514
2015-03-23,11508,d_1515
2015-03-24,11508,d_1516
2015-03-25,11508,d_1517
2015-03-26,11508,d_1518
2015-03-27,11508,d_1519
2015-03-28,11509,d_1520
2015-03-29,11509,d_1521
2015-03-30,11509,d_1522
2015-03-31,11509,d_1523
2015-04-01,11509,d_1524
2015-04-02,11509,d_1525
2015-04-03,11509,d_1526
2015-04-04,11510,d_1527
2015-04-05,11510,d_1528
2015-04-06,11510,d_1529
2015-04-07,11510,d_1530
2015-04-08,11510,d_1531
2015-04-09,11510,d_1532
2015-04-10,11510,d_1533
2015-04-11,11511,d_1534
2015-04-12,11511,d_1535
2015-04-13,11511,d_1536
2015-04-14,11511,d_1537
2015-04-15,11511,d_1538
2015-04-16,11511,d_1539
2015-04-17,11511,d_1540
2015-04-18,11512,d_1541
2015-04-19,11512,d_1542
2015-04-20,11512,d_1543
2015-04-21,11512,d_1544
2015-04-22,11512,d_1545
2015-04-23,11512,d_1546
2015-04-24,11512,d_1547
2015-04-25,11513,d_1548
2015-04-26,11513,d_1549
2015-04-27,11513,d_1550
2015-04-28,11513,d_1551
2015-04-29,11513,d_1552
2015-04-30,11513,d_1553
2015-05-01,11513,d_1554
2015-05-02,11514,d_1555
2015-05-03,11514,d_1556
2015-05-04,11514,d_1557
2015-05-05,11514,d_1558
2015-05-06,11514,d_1559
2015-05-07,11514,d_1560
2015-05-08,11514,d_1561
2015-05-09,11515,d_1562
2015-05-10,11515,d_1563
2015-05-11,11515,d_1564
2015-05-12,11515,d_1565
2015-05-13,11515,d_1566
2015-05-14,11515,d_1567
2015-05-15,11515,d_1568
2015-05-16,11516,d_1569
2015-05-17,11516,d_1570
2015-05-18,11516,d_1571
2015-05-19,11516,d_1572
2015-05-20,11516,d_1573
2015-05-21,11516,d_1574
2015-05-22,11516,d_1575
2015-05-23,11517,d_1576
2015-05-24,11517,d_1577
2015-05-25,11517,d_1578
2015-05-26,11517,d_1579
2015-05-27,11517,d_1580
2015-05-28,11517,d_1581
2015-05-29,11517,d_1582
2015-05-30,11518,d_1583
2015-05-31,11518,d_1584
2015-06-01,11518,d_1585
2015-06-02,11518,d_1586
2015-06-03,11518,d_1587
2015-06-04,11518,d_1588
2015-06-05,11518,d_1589
2015-06-06,11519,d_1590
2015-06-07,11519,d_1591
2015-06-08,11519,d_1592
2015-06-09,11519,d_1593
2015-06-10,11519,d_1594
2015-06-11,11519,d_1595
2015-06-12,11519,d_1596
2015-06-13,11520,d_1597
2015-06-14,11520,d_1598
2015-06-15,11520,d_1599
2015-06-16,11520,d_1600
2015-06-17,11520,d_1601
2015-06-18,11520,d_1602
2015-06-19,11520,d_1603
2015-06-20,11521,d_1604
2015-06-21,11521,d_1605
2015-06-22,11521,d_1606
2015-06-23,11521,d_1607
2015-06-24,11521,d_1608
2015-06-25,11521,d_1609
2015-06-26,11521,d_1610
2015-06-27,11522,d_1611
2015-06-28,11522,d_1612
2015-06-29,11522,d_1613
2015-06-30,11522,d_1614
2015-07-01,11522,d_1615
2015-07-02,11522,d_1616
2015-07-03,11522,d_1617
2015-07-04,11523,d_1618
2015-07-05,11523,d_1619
2015-07-06,11523,d_1620
2015-07-07,11523,d_1621
2015-07-08,11523,d_1622
2015-07-09,11523,d_1623
2015-07-10,11523,d_1624
2015-07-11,11524,d_1625
2015-07-12,11524,d_1626
2015-07-13,11524,d_1627
2015-07-14,11524,d_1628
2015-07-15,11524,d_1629
2015-07-16,11524,d_1630
2015-07-17,11524,d_1631
2015-07-18,11525,d_1632
2015-07-19,11525,d_1633
2015-07-20,11525,d_1634
2015-07-21,11525,d_1635
2015-07-22,11525,d_1636
2015-07-23,11525,d_1637
2015-07-24,11525,d_1638
2015-07-25,11526,d_1639
2015-07-26,11526,d_1640
2015-07-27,11526,d_1641
2015-07-28,11526,d_1642
2015-07-29,11526,d_1643
2015-07-30,11526,d_1644
2015-07-31,11526,d_1645
2015-08-01,11527,d_1646
2015-08-02,11527,d_1647
2015-08-03,11527,d_1648
2015-08-04,11527,d_1649
2015-08-05,11527,d_1650
2015-08-06,11527,d_1651
2015-08-07,11527,d_1652
2015-08-08,11528,d_1653
2015-08-09,11528,d_1654
2015-08-10,11528,d_1655
2015-08-11,11528,d_1656
2015-08-12,11528,d_1657
2015-08-13,11528,d_1658
2015-08-14,11528,d_1659
2015-08-15,11529,d_1660
2015-08-16,11529,d_1661
2015-08-17,11529,d_1662
2015-08-18,11529,d_1663
2015-08-19,11529,d_1664
2015-08-20,11529,d_1665
2015-08-21,11529,d_1666
2015-08-22,11530,d_1667
2015-08-23,11530,d_1668
2015-08-24,11530,d_1669
2015-08-25,11530,d_1670
2015-08-26,11530,d_1671
2015-08-27,11530,d_1672
2015-08-28,11530,d_1673
2015-08-29,11531,d_1674
2015-08-30,11531,d_1675
2015-08-31,11531,d_1676
2015-09-01,11531,d_1677
2015-09-02,11531,d_1678
2015-09-03,11531,d_1679
2015-09-04,11531,d_1680
2015-09-05,11532,d_1681
2015-09-06,11532,d_1682
2015-09-07,11532,d_1683
2015-09-08,11532,d_1684
2015-09-09,11532,d_1685
2015-09-10,11532,d_1686
2015-09-11,11532,d_1687
2015-09-12,11533,d_1688
2015-09-13,11533,d_1689
2015-09-14,11533,d_1690
2015-09-15,11533,d_1691
2015-09-16,11533,d_1692
2015-09-17,11533,d_1693
2015-09-18,11533,d_1694
2015-09-19,11534,d_1695
2015-09-20,11534,d_1696
2015-09-21,11534,d_1697
2015-09-22,11534,d_1698
2015-09-23,11534,d_1699
2015-09-24,11534,d_1700
2015-09-25,11534,d_1701
2015-09-26,11535,d_1702
2015-09-27,11535,d_1703
2015-09-28,11535,d_1704
2015-09-29,11535,d_1705
2015-09-30,11535,d_1706
2015-10-01,11535,d_1707
2015-10-02,11535,d_1708
2015-10-03,11536,d_1709
2015-10-04,11536,d_1710
2015-10-05,11536,d_1711
2015-10-06,11536,d_1712
2015-10-07,11536,d_1713
2015-10-08,11536,d_1714
2015-10-09,11536,d_1715
2015-10-10,11537,d_1716
2015-10-11,11537,d_1717
2015-10-12,11537,d_1718
2015-10-13,11537,d_1719
2015-10-14,11537,d_1720
2015-10-15,11537,d_1721
2015-10-16,11537,d_1722
2015-10-17,11538,d_1723
2015-10-18,11538,d_1724
2015-10-19,11538,d_1725
2015-10-20,11538,d_1726
2015-10-21,11538,d_1727
2015-10-22,11538,d_1728
2015-10-23,11538,d_1729
2015-10-24,11539,d_1730
2015-10-25,11539,d_1731
2015-10-26,11539,d_1732
2015-10-27,11539,d_1733
2015-10-28,11539,d_1734
2015-10-29,11539,d_1735
2015-10-30,11539,d_1736
2015-10-31,11540,d_1737
2015-11-01,11540,d_1738
2015-11-02,11540,d_1739
2015-11-03,11540,d_1740
2015-11-04,11540,d_1741
2015-11-05,11540,d_1742
2015-11-06,11540,d_1743
2015-11-07,11541,d_1744
2015-11-08,11541,d_1745
2015-11-09,11541,d_1746
2015-11-10,11541,d_1747
2015-11-11,11541,d_1748
2015-11-12,11541,d_1749
2015-11-13,11541,d_1750
2015-11-14,11542,d_1751
2015-11-15,11542,d_1752
2015-11-16,11542,d_1753
2015-11-17,11542,d_1754
2015-11-18,11542,d_1755
2015-11-19,11542,d_1756
2015-11-20,11542,d_1757
2015-11-21,11543,d_1758
2015-11-22,11543,d_1759
2015-11-23,11543,d_1760
2015-11-24,11543,d_1761
2015-11-25,11543,d_1762
2015-11-26,11543,d_1763
2015-11-27,11543,d_1764
2015-11-28,11544,d_1765
2015-11-29,11544,d_1766
2015-11-30,11544,d_1767
2015-12-01,11544,d_1768
2015-12-02,11544,d_1769
2015-12-03,11544,d_1770
2015-12-04,11544,d_1771
2015-12-05,11545,d_1772
2015-12-06,11545,d_1773
2015-12-07,11545,d_1774
2015-12-08,11545,d_1775
2015-12-09,11545,d_1776
2015-12-10,11545,d_1777
2015-12-11,11545,d_1778
2015-12-12,11546,d_1779
2015-12-13,11546,d_1780
2015-12-14,11546,d_1781
2015-12-15,11546,d_1782
2015-12-16,11546,d_1783
2015-12-17,11546,d_1784
2015-12-18,11546,d_1785
2015-12-19,11547,d_1786
2015-12-20,11547,d_1787
2015-12-21,11547,d_1788
2015-12-22,11547,d_1789
2015-12-23,11547,d_1790
2015-12-24,11547,d_1791
2015-12-25,11547,d_1792
2015-12-26,11548,d_1793
2015-12-27,11548,d_1794
2015-12-28,11548,d_1795
2015-12-29,11548,d_1796
2015-12-30,11548,d_1797
2015-12-31,11548,d_1798
2016-01-01,11548,d_1799
2016-01-02,11549,d_1800
2016-01-03,11549,d_1801
2016-01-04,11549,d_1802
2016-01-05,11549,d_1803
2016-01-06,11549,d_1804
2016-01-07,11549,d_1805
2016-01-08,11549,d_1806
2016-01-09,11550,d_1807
2016-01-10,11550,d_1808
2016-01-11,11550,d_1809
2016-01-12,11550,d_1810
2016-01-13,11550,d_1811
2016-01-14,11550,d_1812
2016-01-15,11550,d_1813
2016-01-16,11551,d_1814
2016-01-17,11551,d_1815
2016-01-18,11551,d_1816
2016-01-19,11551,d_1817
2016-01-20,11551,d_1818
2016-01-21,11551,d_1819
2016-01-22,11551,d_1820
2016-01-23,11552,d_1821
2016-01-24,11552,d_1822
2016-01-25,11552,d_1823
2016-01-26,11552,d_1824
2016-01-27,11552,d_1825
2016-01-28,11552,d_1826
2016-01-29,11552,d_1827
2016-01-30,11601,d_1828
2016-01-31,11601,d_1829
2016-02-01,11601,d_1830
2016-02-02,11601,d_1831
2016-02-03,11601,d_1832
2016-02-04,11601,d_1833
2016-02-05,11601,d_1834
2016-02-06,11602,d_1835
2016-02-07,11602,d_1836
2016-02-08,11602,d_1837
2016-02-09,11602,d_1838
2016-02-10,11602,d_1839
2016-02-11,11602,d_1840
2016-02-12,11602,d_1841
2016-02-13,11603,d_1842
2016-02-14,11603,d_1843
2016-02-15,11603,d_1844
2016-02-16,11603,d_1845
2016-02-17,11603,d_1846
2016-02-18,11603,d_1847
2016-02-19,11603,d_1848
2016-02-20,11604,d_1849
2016-02-21,11604,d_1850
2016-02-22,11604,d_1851
2016-02-23,11604,d_1852
2016-02-24,11604,d_1853
2016-02-25,11604,d_1854
2016-02-26,11604,d_1855
2016-02-27,11605,d_1856
2016-02-28,11605,d_1857
2016-02-29,11605,d_1858
2016-03-01,11605,d_1859
2016-03-02,11605,d_1860
2016-03-03,11605,d_1861
2016-03-04,11605,d_1862
2016-03-05,11606,d_1863
2016-03-06,11606,d_1864
2016-03-07,11606,d_1865
2016-03-08,11606,d_1866
2016-03-09,11606,d_1867
2016-03-10,11606,d_1868
2016-03-11,11606,d_1869
2016-03-12,11607,d_1870
2016-03-13,11607,d_1871
2016-03-14,11607,d_1872
2016-03-15,11607,d_1873
2016-03-16,11607,d_1874
2016-03-17,11607,d_1875
2016-03-18,11607,d_1876
2016-03-19,11608,d_1877
2016-03-20,11608,d_1878
2016-03-21,11608,d_1879
2016-03-22,11608,d_1880
2016-03-23,11608,d_1881
2016-03-24,11608,d_1882
2016-03-25,11608,d_1883
2016-03-26,11609,d_1884
2016-03-27,11609,d_1885
2016-03-28,11609,d_1886
2016-03-29,11609,d_1887
2016-03-30,11609,d_1888
2016-03-31,11609,d_1889
2016-04-01,11609,d_1890
2016-04-02,11610,d_1891
2016-04-03,11610,d_1892
2016-04-04,11610,d_1893
2016-04-05,11610,d_1894
2016-04-06,11610,d_1895
2016-04-07,11610,d_1896
2016-04-08,11610,d_1897
2016-04-09,11611,d_1898
2016-04-10,11611,d_1899
2016-04-11,11611,d_1900
2016-04-12,11611,d_1901
2016-04-13,11611,d_1902
2016-04-14,11611,d_1903
2016-04-15,11611,d_1904
2016-04-16,11612,d_1905
2016-04-17,11612,d_1906
2016-04-18,11612,d_1907
2016-04-19,11612,d_1908
2016-04-20,11612,d_1909
2016-04-21,11612,d_1910
2016-04-22,11612,d_1911
2016-04-23,11613,d_1912
2016-04-24,11613,d_1913
2016-04-25,11613,d_1914
2016-04-26,11613,d_1915
2016-04-27,11613,d_1916
2016-04-28,11613,d_1917
2016-04-29,11613,d_1918
2016-04-30,11614,d_1919
2016-05-01,11614,d_1920
2016-05-02,11614,d_1921
2016-05-03,11614,d_1922
2016-05-04,11614,d_1923
2016-05-05,11614,d_1924
2016-05-06,11614,d_1925
2016-05-07,11615,d_1926
2016-05-08,11615,d_1927
2016-05-09,11615,d_1928
2016-05-10,11615,d_1929
2016-05-11,11615,d_1930
2016-05-12,11615,d_1931
2016-05-13,11615,d_1932
2016-05-14,11616,d_1933
2016-05-15,11616,d_1934
2016-05-16,11616,d_1935
2016-05-17,11616,d_1936
2016-05-18,11616,d_1937
2016-05-19,11616,d_1938
2016-05-20,11616,d_1939
2016-05-21,11617,d_1940
2016-05-22,11617,d_1941
2016-05-23,11617,d_1942
2016-05-24,11617,d_1943
2016-05-25,11617,d_1944
2016-05-26,11617,d_1945
2016-05-27,11617,d_1946
2016-05-28,11618,d_1947
2016-05-29,11618,d_1948
2016-05-30,11618,d_1949
2016-05-31,11618,d_1950
2016-06-01,11618,d_1951
2016-06-02,11618,d_1952
2016-06-03,11618,d_1953
2016-06-04,11619,d_1954
2016-06-05,11619,d_1955
2016-06-06,11619,d_1956
2016-06-07,11619,d_1957
2016-06-08,11619,d_1958
2016-06-09,11619,d_1959
2016-06-10,11619,d_1960
2016-06-11,11620,d_1961
2016-06-12,11620,d_1962
2016-06-13,11620,d_1963
2016-06-14,11620,d_1964
2016-06-15,11620,d_1965
2016-06-16,11620,d_1966
2016-06-17,11620,d_1967
2016-06-18,11621,d_1968
2016-06-19,11621,d_1969
